{
  "train_loss": 0.0001900616412518137,
  "val_loss": 0.00019608196133916064,
  "ADE_m": 351.10223388671875,
  "FDE_m": 416.3254699707031
}